JOB-ID,HOST-ID,DC-ID,JOB-COMPLETION-TIME,CI-SELECTED-FOR-JOB,,CONTAINER-ID,CONTAINER-HOST-ID,CONTAINER-BUSY-POWER,IDLE-OF-HOST,CONTAINER-START-TIME,CONTAINER-END-TIME,CONTAINER-ACTIVE-TIME,,CONTAINER-FAILED-ID
0,16,8,210.67798996129702,279.48,,0,16,3.8957142857142855,60.0,1.022979113,210.67798996129702
1,19,9,121.54201091992567,279.48,,1,19,3.8764285714285713,60.0,1.023016071,121.54201091992567
2,20,9,7281.266803,279.48,,2,20,3.1923529411764706,60.0,1.023188108,7217.313621
3,17,8,209.5444140009901,279.48,,3,17,3.176470588235294,60.0,1.023286991,209.5444140009901
4,18,8,131.86565207389162,279.48,,4,18,6.851249999999999,75.0,1.023377897,131.86565207389162
5,21,9,104.7658915169406,279.48,,5,21,6.8175,75.0,1.023631021,104.7658915169406
6,19,9,153.9549848586207,279.48,,6,19,3.915,60.0,1.023633066,153.9549848586207
7,16,8,11010.35909,279.48,,7,16,3.9342857142857146,60.0,1.023769955,77580.80645
8,20,9,929.5731472,279.48,,8,20,3.208235294117647,60.0,1.06350396,86533.42839
9,17,8,137.70788807236096,279.48,,9,17,3.1923529411764706,60.0,1.074941019,137.70788807236096
10,21,9,102.50227810447761,279.48,,10,21,6.7837499999999995,75.0,1.171832111,102.50227810447761
11,18,8,60.0726911,279.48,,11,18,6.75,75.0,1.175120001,60.0726911
12,16,8,95.79682903103449,279.48,,12,16,3.915,60.0,1.190778889,95.79682903103449
13,19,9,38292.718,279.48,,13,19,3.8957142857142855,60.0,16.338099,40361.63618
14,20,9,15427.21486,279.48,,14,20,3.208235294117647,60.0,16.34305191,8451.314216
15,17,8,23127.10738,279.48,,15,17,3.208235294117647,60.0,16.343055,8475.673125
16,21,9,61964.61061,279.48,,16,21,6.8175,75.0,16.343737,21854.77874
17,18,8,384.1054621,279.48,,17,18,6.8175,75.0,16.34399311,9063.784264
18,19,9,383.4331422,279.48,,18,19,3.8957142857142855,60.0,16.3457189,9066.052743
19,20,9,40671.95562,279.48,,19,16,3.8957142857142855,60.0,16.3462789,9414.362925
20,21,9,64676.00775,279.48,,20,20,3.208235294117647,60.0,16.346628000000003,9646.434623
21,19,9,62830.80512,279.48,,21,17,3.208235294117647,60.0,16.3526061,12820.38438
22,16,8,66391.9869,279.48,,22,21,6.8175,75.0,16.3531941,11348.22287
23,20,9,62906.51799,279.48,,23,18,6.8175,75.0,61.00167295,73.51751453415841
24,17,8,33929.02219,279.48,,24,16,3.8957142857142855,60.0,120.998657,134.5389194006243
25,18,8,31850.02711,279.48,,25,19,3.857142857142857,60.0,121.9205021,135.3205021
26,16,8,66772.12057,279.48,,26,17,3.208235294117647,60.0,121.9371211,123.35395278316831
27,17,8,50121.97205,279.48,,27,18,6.8175,75.0,181.0054041,201.6027705138614
28,21,9,62591.23087,279.48,,28,20,3.208235294117647,60.0,181.01136,181.39353821782177
29,18,8,73.51751453415841,279.4825,,29,16,3.857142857142857,60.0,181.0116319,196.2166319
30,16,8,134.5389194006243,279.4825,,620,0,3.895714286,30,10920.99309,10933.59577
31,19,9,135.3205021,279.485,,623,0,3.895714286,30,11100.99575,11119.53139
32,17,8,123.35395278316831,279.485,,631,0,3.895714286,30,11401.00744,11417.94407
33,18,8,201.6027705138614,279.4875,,636,0,3.876428571,30,11401.0202,25674.06754
34,20,9,181.39353821782177,279.4875,,640,0,3.915,30,11401.02057,11533.81675
35,16,8,196.2166319,279.4875,,650,0,3.915,30,11701.02215,11907.50146
36,17,8,254.2600144,279.49,,670,0,3.876428571,30,12301.02776,12334.95905
37,18,8,241.1212354,279.49,,413,1,8.020588235,75,7201.006914,8020.448714
38,16,8,249.9312354,279.49,,418,1,7.980882353,75,7201.016814,7214.236224
39,17,8,360.0832962,279.4925,,423,1,8.060294118,75,7201.213542,7269.064175
40,18,8,331.7051867,279.4925,,428,1,8.1,75,7203.066066,7848.48273
41,16,8,315.2076498,279.4925,,433,1,8.1,75,7203.075886,7596.92934
42,21,9,7272.828992,279.4925,,436,1,8.020588235,75,7217.203621,67251.8761
43,17,8,302.519531,279.4925,,441,1,8.020588235,75,7217.213003,47538.4365
44,19,9,352.3896369,279.4925,,446,1,8.020588235,75,7242.672196,77868.25199
45,18,8,7407.189864,279.4925,,451,1,8.020588235,75,7242.682486,87015.5769
46,20,9,324.7640211,279.4925,,455,1,8.020588235,75,7253.330228,78357.46982
47,16,8,376.1648681,279.495,,460,1,8.020588235,75,7253.338953,73178.61833
48,17,8,440.8371463,279.495,,465,1,8.020588235,75,7256.814728,69736.08761
49,18,8,422.9931859,279.4975,,475,1,7.980882353,75,7501.027379,7546.775415
50,16,8,433.7331859,279.4975,,485,1,8.060294118,75,7801.034137,7888.63544
51,17,8,494.5486538,279.5,,490,1,8.060294118,75,7814.500957,7848.37805
52,18,8,481.1195944,279.5,,498,1,8.060294118,75,8101.011642,8121.412007
53,16,8,491.4545944,279.5,,509,1,8.1,75,8415.826787,22089.76893
54,17,8,554.1755809,279.5025,,513,1,8.020588235,75,8521.003239,8536.7171
55,18,8,541.1320165,279.5025,,519,1,8.060294118,75,8701.017688,8830.467442
56,16,8,550.0320165,279.5025,,532,1,8.060294118,75,9001.204368,9025.358555
57,17,8,601.1091624,279.505,,542,1,7.980882353,75,9301.019331,22741.57746
58,18,8,11852.88799,279.505,,553,1,8.1,75,9601.045762,21778.08222
59,16,8,646.5825417,279.505,,559,1,8.1,75,9614.762312,12851.5829
60,21,9,611.5028081,279.505,,564,1,8.1,75,9614.772195,11347.75718
61,17,8,638.050522,279.505,,573,1,7.980882353,75,9901.050855,9939.425047
62,19,9,618.2156793,279.505,,583,1,7.980882353,75,10201.01615,10274.45971
63,18,8,674.1636296,279.505,,586,1,8.060294118,75,10201.044,10209.84843
64,20,9,663.7662165,279.505,,601,1,8.060294118,75,10801.01795,10984.08838
65,16,8,11609.92282,279.505,,606,1,7.980882353,75,10801.02459,10921.34632
66,17,8,612.9178203,279.505,,611,1,8.020588235,75,10809.46088,85544.11155
67,21,9,59247.42474,279.505,,615,1,8.020588235,75,10809.46572,47934.13947
68,19,9,58916.47968,279.505,,621,1,8.020588235,75,10981.0195,10993.62253
69,20,9,58984.94949,279.505,,624,1,8.060294118,75,11101.01486,11236.61341
70,21,9,31759.08166,279.505,,627,1,7.980882353,75,11101.01554,11225.99764
71,18,8,30545.21294,279.505,,634,1,8.1,75,11401.02009,25104.66133
72,19,9,47731.41038,279.505,,641,1,7.980882353,75,11401.02247,11447.0386
73,16,8,34775.06701,279.505,,660,1,8.1,75,12001.01731,18506.09371
74,20,9,37140.66354,279.505,,671,1,8.060294118,75,12301.02825,12317.13318
75,17,8,34744.53704,279.505,,415,2,6.85125,75,7201.016377,7233.293289
76,18,8,44128.17997,279.505,,420,2,6.78375,75,7201.022706,7289.293031
77,16,8,46188.27403,279.505,,425,2,6.885,75,7203.060544,7842.752869
78,17,8,56207.477,279.505,,430,2,6.885,75,7203.070564,7964.577427
79,21,9,30545.84404,279.505,,434,2,6.885,75,7207.132396,7215.97642
80,19,9,37133.77245,279.505,,438,2,6.8175,75,7217.205875,95568.74211
81,20,9,47086.35592,279.505,,443,2,6.8175,75,7217.219101,90551.10165
82,21,9,25486.90598,279.505,,447,2,6.8175,75,7242.672472,76016.41041
83,18,8,673.9857715,279.505,,452,2,6.8175,75,7242.683032,85176.90363
84,16,8,737.2753834,279.51,,457,2,6.8175,75,7253.335163,76300.30645
85,17,8,736.9426625,279.51,,462,2,6.8175,75,7256.542008,70753.80645
86,18,8,723.7626625,279.51,,467,2,6.8175,75,7256.820696,71396.33615
87,16,8,792.6533932,279.51,,476,2,6.78375,75,7501.02748,20770.20338
88,17,8,781.1097675,279.5125,,487,2,6.85125,75,7801.03445,7865.142829
89,18,8,789.8247675,279.5125,,497,2,6.85125,75,8101.011514,8114.214962
90,16,8,841.1119414,279.515,,505,2,6.78375,75,8401.026762,8467.475105
91,17,8,854.3069414,279.515,,511,2,6.85125,75,8416.010733,8480.495785
92,18,8,860.4752582,279.515,,514,2,6.8175,75,8581.011755,8595.314725
93,16,8,913.5178927,279.5175,,529,2,6.85125,75,9001.023087,9026.570378
94,17,8,12826.09308,279.5175,,539,2,6.885,75,9301.018707,20760.24815
95,18,8,1100.687494,279.5175,,550,2,6.85125,75,9601.045287,9624.442914
96,19,9,1128.444479,279.5175,,556,2,6.885,75,9614.75937,12837.89489
97,16,8,12671.46622,279.5175,,561,2,6.885,75,9614.770616,11348.40914
98,20,9,1119.92743,279.5175,,566,2,6.885,75,9632.877973,9740.446645
99,17,8,1164.84861,279.5175,,575,2,6.78375,75,9901.051073,21501.44716
100,21,9,1062.419452,279.5175,,585,2,6.85125,75,10201.04339,10243.41494
101,18,8,973.0463815,279.52,,603,2,6.78375,75,10801.01815,11034.59268
102,16,8,1039.057761,279.5225,,607,2,6.78375,75,10801.02567,10932.97319
103,19,9,1101.843996,279.5225,,612,2,6.8175,75,10809.46205,82250.71552
104,17,8,1167.373362,279.5225,,617,2,6.8175,75,10809.46687,43767.4959
105,18,8,1093.408115,279.5225,,622,2,6.8175,75,11041.00896,11058.22777
106,20,9,1091.470788,279.525,,626,2,6.78375,75,11101.01514,17168.89417
107,16,8,1082.526927,279.525,,628,2,6.8175,75,11161.00194,11191.38907
108,21,9,1159.151565,279.5275,,635,2,6.885,75,11401.02009,18997.18538
109,19,9,1141.126812,279.5275,,639,2,6.85125,75,11401.02057,11533.81675
110,17,8,1149.957599,279.5275,,643,2,6.8175,75,11461.02041,11474.47685
111,20,9,1214.081739,279.53,,658,2,6.78375,75,12001.01673,12171.16588
112,18,8,12201.96809,279.53,,661,2,6.78375,75,12001.03105,12077.88727
113,16,8,1264.01137,279.53,,414,3,3.876428571,30,7201.016328,17841.1987
114,21,9,1211.646124,279.53,,419,3,3.915,30,7201.01684,7259.69679
115,17,8,11183.10419,279.53,,424,3,3.934285714,30,7203.057556,7897.327403
116,19,9,1202.526124,279.53,,429,3,3.934285714,30,7203.068093,7560.231818
117,18,8,1278.050608,279.53,,437,3,3.895714286,30,7217.204849,62176.43647
118,20,9,1240.406862,279.53,,442,3,3.895714286,30,7217.214965,90886.52185
119,16,8,1273.608385,279.53,,450,3,3.895714286,30,7242.681121,77507.43545
120,21,9,1259.421787,279.53,,456,3,3.895714286,30,7253.330496,72656.72692
121,19,9,1278.786931,279.5325,,461,3,3.895714286,30,7253.339002,80021.34793
122,20,9,1317.419219,279.5325,,466,3,3.895714286,30,7256.815463,72667.31603
123,21,9,1331.103342,279.5325,,469,3,3.895714286,30,7261.019901,7286.327822
124,19,9,1333.198013,279.535,,471,3,3.895714286,30,7380.998393,7408.375621
125,17,8,1321.122754,279.535,,473,3,3.895714286,30,7500.999796,7514.362172
126,20,9,1332.97833,279.535,,477,3,3.915,30,7501.027876,7528.70095
127,21,9,1392.481985,279.5375,,479,3,3.895714286,30,7621.088823,7643.669021
128,19,9,1381.120598,279.5375,,481,3,3.895714286,30,7741.007448,7760.013389
129,18,8,1391.471019,279.5375,,483,3,3.876428571,30,7801.025899,7850.547712
130,20,9,1441.125974,279.54,,486,3,3.934285714,30,7801.034347,39877.01491
131,21,9,1454.320974,279.54,,491,3,3.895714286,30,7861.010067,7874.278384
132,16,8,1458.711326,279.54,,493,3,3.895714286,30,7981.005499,7993.051044
133,19,9,1764.865273,279.5425,,495,3,3.895714286,30,8101.010119,8112.679426
134,20,9,1747.367736,279.5425,,500,3,3.895714286,30,8221.014173,8232.495361
135,17,8,1756.020321,279.5425,,503,3,3.895714286,30,8341.00867,8353.80669
136,21,9,1775.05185,279.5425,,507,3,3.876428571,30,8415.729434,19876.78584
137,18,8,1754.570321,279.5425,,510,3,3.915,30,8416.010606,8490.893857
138,19,9,1512.471194,279.5425,,516,3,3.895714286,30,8700.995237,8716.144742
139,16,8,15223.92382,279.5425,,518,3,3.876428571,30,8701.017681,8807.995488
140,17,8,15351.29695,279.5425,,521,3,3.895714286,30,8761.012819,8775.786086
141,20,9,1573.34348,279.545,,523,3,3.895714286,30,8881.006083,8900.200142
142,21,9,1633.223571,279.545,,525,3,3.895714286,30,9001.000498,9019.904334
143,18,8,1627.823188,279.5475,,528,3,3.915,30,9001.022428,9054.252744
144,19,9,1638.089985,279.5475,,533,3,3.895714286,30,9061.012994,9072.588242
145,20,9,1680.125286,279.55,,535,3,3.895714286,30,9180.999819,9192.951304
146,21,9,1690.330579,279.55,,537,3,3.895714286,30,9301.011242,9318.418173
147,16,8,1711.786239,279.55,,540,3,3.915,30,9301.018878,9386.83554
148,19,9,1741.121673,279.5525,,544,3,3.895714286,30,9421.004777,9432.956262
149,17,8,1758.370321,279.5525,,546,3,3.895714286,30,9540.993682,9553.039227
150,18,8,1753.808319,279.5525,,548,3,3.876428571,30,9601.021313,9653.750891
151,20,9,1813.614747,279.555,,551,3,3.876428571,30,9601.045426,9655.641438
152,21,9,1812.708807,279.555,,555,3,3.934285714,30,9614.593191,12823.07896
153,16,8,1820.300847,279.555,,560,3,3.934285714,30,9614.76397,12865.64759
154,19,9,11198.04881,279.555,,568,3,3.895714286,30,9660.997128,9676.8898
155,17,8,10441.45713,279.555,,570,3,3.895714286,30,9781.001484,9794.081682
156,20,9,1848.041966,279.555,,572,3,3.895714286,30,9901.010699,9918.229511
157,18,8,1831.713881,279.555,,576,3,3.915,30,9901.051218,9925.810792
158,21,9,1802.423092,279.555,,579,3,3.895714286,30,10021.01547,10037.19963
159,16,8,1876.260929,279.555,,581,3,3.895714286,30,10141.01438,10155.22329
160,19,9,1860.750664,279.555,,584,3,3.876428571,30,10201.03221,10253.93337
161,17,8,1871.345722,279.555,,588,3,3.895714286,30,10261.01773,10274.66228
162,20,9,1815.279772,279.555,,590,3,3.895714286,30,10381.00812,10393.14772
163,21,9,2729.39423,279.555,,592,3,3.895714286,30,10501.0012,10512.85863
164,18,8,2562.828686,279.555,,596,3,3.895714286,30,10561.00784,10580.2019
165,19,9,2105.431617,279.555,,598,3,3.895714286,30,10681.00371,10701.9849
166,16,8,2268.047776,279.555,,600,3,3.895714286,30,10801.01006,11602.53564
167,20,9,2291.145776,279.555,,605,3,3.915,30,10801.01872,11018.80411
168,17,8,2369.204638,279.555,,613,3,3.895714286,30,10809.46319,69493.81271
169,21,9,1949.585764,279.555,,618,3,3.895714286,30,10809.48676,40913.07508
170,18,8,2553.853196,279.555,,625,3,3.915,30,11101.01494,11204.53859
171,16,8,1971.000356,279.555,,632,3,3.876428571,30,11401.01982,11558.68657
172,19,9,1980.931617,279.555,,637,3,3.915,30,11401.02029,11510.42953
173,20,9,2014.274754,279.555,,642,3,3.876428571,30,11401.03355,11455.67584
174,21,9,2215.148083,279.555,,645,3,3.895714286,30,11581.01282,11593.61501
175,19,9,2017.617891,279.555,,647,3,3.895714286,30,11701.0065,11713.71046
176,17,8,2165.864053,279.555,,649,3,3.915,30,11701.02214,11895.68223
177,18,8,1992.21114,279.555,,651,3,3.895714286,30,11761.00888,11772.49007
178,20,9,2032.108087,279.555,,653,3,3.895714286,30,11881.00735,11892.30042
179,16,8,1998.730748,279.555,,655,3,3.915,30,12001.01633,12178.09691
180,21,9,2192.545142,279.555,,657,3,3.895714286,30,12001.01661,12052.84928
181,17,8,2004.755258,279.555,,662,3,3.895714286,30,12061.01335,12090.83612
182,19,9,2105.593382,279.555,,664,3,3.895714286,30,12181.01316,12193.42482
183,20,9,1891.991541,279.555,,666,3,3.895714286,30,12301.01237,12319.83019
184,21,9,2192.197103,279.555,,668,3,3.934285714,30,12301.02764,18229.29104
185,19,9,1881.324874,279.5575,,672,3,3.895714286,30,12360.99836,12374.17262
186,20,9,1917.308361,279.5575,,416,4,8.020588235,75,7201.01657,7223.02192
187,18,8,1927.556719,279.5575,,421,4,7.980882353,75,7201.023728,7299.700956
188,21,9,1933.329057,279.56,,427,4,8.1,75,7203.066061,7845.915871
189,19,9,1921.116185,279.56,,432,4,8.1,75,7203.07544,7589.383368
190,16,8,1931.458779,279.56,,439,4,8.020588235,75,7217.210441,26774.16563
191,20,9,1995.036615,279.5625,,444,4,8.060294118,75,7228.937132,8599.646586
192,17,8,1981.126647,279.5625,,448,4,8.020588235,75,7242.674328,76936.58057
193,21,9,1989.957407,279.5625,,453,4,8.020588235,75,7242.704035,72409.56415
194,18,8,2041.112847,279.565,,458,4,8.020588235,75,7253.336468,73115.22656
195,16,8,2049.842847,279.565,,463,4,8.020588235,75,7256.812251,47941.39191
196,17,8,2053.136709,279.565,,470,4,8.020588235,75,7321.005106,7333.709066
197,18,8,2113.983416,279.5675,,472,4,8.020588235,75,7441.014881,7452.778247
198,16,8,2117.448211,279.5675,,474,4,8.060294118,75,7501.027254,7550.694378
199,17,8,2125.038211,279.5675,,478,4,8.020588235,75,7561.008518,7581.143171
200,19,9,19298.53987,279.5675,,480,4,8.020588235,75,7680.994429,7692.381558
201,18,8,2102.532921,279.5675,,482,4,8.020588235,75,7801.015412,7817.847457
202,20,9,2133.406189,279.5675,,484,4,7.980882353,75,7801.026856,7860.378052
203,16,8,2140.407669,279.5675,,489,4,7.980882353,75,7801.297952,7851.488011
204,21,9,16511.30604,279.5675,,492,4,8.020588235,75,7921.009954,7933.055499
205,17,8,2173.324449,279.57,,494,4,8.020588235,75,8041.002854,8052.76622
206,18,8,2165.754053,279.57,,496,4,7.980882353,75,8101.01102,8132.012759
207,19,9,2176.250345,279.57,,499,4,8.020588235,75,8161.007572,8180.201631
208,20,9,2233.337833,279.5725,,501,4,8.020588235,75,8281.005969,8309.041613
209,16,8,2224.454638,279.5725,,502,4,8.1,75,8325.898061,18859.52713
210,21,9,2239.070689,279.5725,,504,4,8.020588235,75,8401.011118,8414.467554
211,17,8,2281.107163,279.575,,508,4,7.980882353,75,8415.729815,8558.933658
212,19,9,2295.48736,279.575,,515,4,8.020588235,75,8640.992882,8654.731496
213,18,8,2291.357163,279.575,,520,4,8.060294118,75,8701.018073,8852.241794
214,20,9,2353.035838,279.5775,,522,4,8.020588235,75,8821.013054,8835.598203
215,16,8,2341.113789,279.5775,,524,4,8.020588235,75,8941.008209,8955.12306
216,21,9,2351.65465,279.5775,,526,4,8.020588235,75,9001.022156,9016.453839
217,17,8,2420.661729,279.58,,531,4,7.980882353,75,9001.032051,9086.543465
218,19,9,2431.865277,279.58,,534,4,8.020588235,75,9120.994328,9137.554724
219,18,8,2418.765689,279.58,,536,4,8.020588235,75,9241.002652,9252.766018
220,20,9,2455.10889,279.58,,538,4,8.060294118,75,9301.018535,9395.914358
221,16,8,2471.141453,279.58,,543,4,8.020588235,75,9361.01288,9372.870306
222,21,9,2452.244826,279.58,,545,4,8.020588235,75,9481.003165,9497.187323
223,17,8,12191.39098,279.58,,547,4,8.020588235,75,9601.00921,9612.11416
224,18,8,13045.00851,279.58,,549,4,7.980882353,75,9601.021671,9664.810592
225,19,9,2425.949436,279.58,,554,4,7.980882353,75,9601.046183,21894.5739
226,16,8,2457.056876,279.58,,557,4,8.1,75,9614.761183,12870.11327
227,17,8,2456.049134,279.58,,563,4,8.1,75,9614.771133,11240.933
228,20,9,2477.57039,279.5825,,565,4,8.060294118,75,9617.482234,11247.26582
229,21,9,2529.53498,279.5825,,569,4,8.020588235,75,9720.99956,9732.480748
230,18,8,2518.284568,279.5825,,571,4,8.020588235,75,9841.003857,9853.049402
231,16,8,2521.109707,279.585,,574,4,8.1,75,9901.050954,15191.10915
232,19,9,2535.820056,279.585,,578,4,8.020588235,75,9961.008477,9973.524319
233,17,8,2534.451292,279.585,,580,4,8.020588235,75,10081.00188,10093.23554
234,18,8,2595.022461,279.5875,,582,4,8.020588235,75,10201.00095,10218.78412
235,20,9,2581.12266,279.5875,,587,4,7.980882353,75,10201.04413,10227.65477
236,16,8,2592.898699,279.5875,,589,4,8.020588235,75,10321.01617,10348.67558
237,17,8,2653.807253,279.59,,591,4,8.020588235,75,10441.00448,10458.12923
238,21,9,2641.13011,279.59,,594,4,7.980882353,75,10501.02098,10515.93325
239,18,8,2651.48052,279.59,,597,4,8.020588235,75,10620.99673,10632.57198
240,16,8,2718.233,279.5925,,599,4,8.020588235,75,10741.00082,10755.20973
241,19,9,2701.153115,279.5925,,602,4,8.020588235,75,10801.01796,10975.86323
242,17,8,2730.787676,279.5925,,608,4,8.060294118,75,10801.14285,10847.47036
243,20,9,2758.044477,279.5925,,610,4,8.020588235,75,10809.46051,72381.0592
244,18,8,13051.96373,279.5925,,616,4,8.020588235,75,10809.4664,81344.83308
245,16,8,7804.283001,279.5925,,619,4,8.020588235,75,10861.01174,10876.06719
246,21,9,2714.148189,279.5925,,629,4,8.020588235,75,11221.02175,11238.60815
247,17,8,2721.723,279.5925,,630,4,8.020588235,75,11341.01485,11353.34257
248,19,9,2773.982061,279.5925,,633,4,7.980882353,75,11401.01982,11558.68657
249,20,9,2820.281053,279.595,,638,4,8.060294118,75,11401.02029,11510.42953
250,21,9,2833.400603,279.595,,644,4,8.020588235,75,11521,11533.23366
251,18,8,2844.139212,279.5975,,646,4,8.020588235,75,11641.00965,11653.14925
252,19,9,2821.120603,279.5975,,648,4,7.980882353,75,11701.02176,11810.27614
253,16,8,2832.896638,279.5975,,652,4,8.020588235,75,11821.01581,11837.29403
254,20,9,2881.119133,279.6,,654,4,8.020588235,75,11941.01461,11956.82253
255,21,9,2891.654133,279.6,,656,4,7.980882353,75,12001.01645,12053.19257
256,17,8,2893.822628,279.6,,659,4,8.060294118,75,12001.01709,12186.80106
257,19,9,2960.569265,279.6025,,663,4,8.020588235,75,12121.01457,12133.53041
258,20,9,2941.113819,279.6025,,665,4,8.020588235,75,12241.0164,12259.74016
259,18,8,2955.929591,279.6025,,667,4,8.060294118,75,12301.02757,12326.09128
260,21,9,3012.984709,279.605,,669,4,7.980882353,75,12301.02766,18314.8383
261,19,9,22337.67826,279.605,,673,11,3.895714286,30,12421.00564,12432.76901
262,20,9,3094.601261,279.605,,676,11,3.895714286,30,12601.01213,12613.23859
263,16,8,3027.309397,279.605,,681,11,3.876428571,30,12601.01278,12645.25028
264,21,9,3039.383315,279.605,,686,11,3.895714286,30,12661.01568,12677.28501
265,17,8,3002.52122,279.605,,693,11,3.934285714,30,12901.01282,24339.09924
266,19,9,26612.15474,279.605,,704,11,3.876428571,30,13201.02388,13299.61272
267,20,9,3018.410452,279.605,,716,11,3.915,30,13501.0191,13516.00087
268,18,8,3056.02084,279.605,,722,11,3.895714286,30,13741.01167,13768.10672
269,21,9,3069.443016,279.605,,726,11,3.876428571,30,13801.20548,14011.14652
270,16,8,3079.914376,279.6075,,729,11,3.895714286,30,13861.0141,13872.77747
271,19,9,3174.917719,279.6075,,732,11,3.895714286,30,14041.00969,14053.80771
272,17,8,3124.513806,279.6075,,736,11,3.876428571,30,14101.02247,22183.65631
273,20,9,3132.963263,279.61,,739,11,3.895714286,30,14220.99805,14233.13765
274,21,9,3184.467064,279.61,,742,11,3.895714286,30,14401.00426,15204.31696
275,18,8,3183.858881,279.61,,747,11,3.915,30,14401.03574,14428.70403
276,19,9,3196.990658,279.6125,,753,11,3.895714286,30,14449.45122,82599.66401
277,20,9,3212.394511,279.6125,,757,11,3.895714286,30,14449.45554,66574.10219
278,21,9,3226.314511,279.6125,,765,11,3.895714286,30,14700.99625,14713.60615
279,19,9,3253.327994,279.615,,768,11,3.915,30,14701.01541,14740.48899
280,20,9,3241.120073,279.615,,771,11,3.895714286,30,14881.00196,14894.55246
281,16,8,3251.470517,279.615,,774,11,3.876428571,30,15001.01537,15043.82923
282,21,9,3312.664852,279.6175,,779,11,3.876428571,30,15001.02864,15076.81888
283,19,9,3608.705654,279.6175,,782,11,3.895714286,30,15121.01692,15132.21593
284,17,8,3595.319014,279.6175,,787,11,3.915,30,15301.01113,15321.51507
285,20,9,14013.41581,279.6175,,791,11,3.895714286,30,15421.0171,15439.08245
286,18,8,8887.387479,279.6175,,794,11,3.895714286,30,15601.00793,15614.5509
287,21,9,3627.582501,279.6175,,797,11,3.934285714,30,15601.03718,27264.11591
288,16,8,3549.828419,279.6175,,802,11,3.895714286,30,15721.00134,15735.49243
289,19,9,3469.021694,279.6175,,805,11,3.895714286,30,15900.99969,15914.36207
290,20,9,3373.993055,279.62,,810,11,3.895714286,30,16020.99402,16041.31679
291,21,9,3432.388534,279.6225,,813,11,3.895714286,30,16200.9967,16214.0769
292,17,8,3425.423001,279.6225,,817,11,3.915,30,16201.06218,16329.21948
293,18,8,3439.298001,279.6225,,820,11,3.895714286,30,16201.06258,16300.13081
294,19,9,3481.123502,279.625,,824,11,3.895714286,30,16381.00777,16393.14737
295,20,9,3491.373502,279.625,,827,11,3.876428571,30,16501.01582,16537.10941
296,16,8,3495.047324,279.625,,830,11,3.934285714,30,16501.01616,25035.16683
297,21,9,3553.521977,279.6275,,834,11,3.895714286,30,16681.00338,16695.21229
298,19,9,3570.601977,279.6275,,674,12,8.020588235,75,12480.99777,12507.81064
299,20,9,3542.526927,279.6275,,678,12,8.1,75,12601.0125,23886.81917
300,17,8,4393.079144,279.63,,683,12,7.980882353,75,12601.02764,12671.90382
301,21,9,3688.390383,279.63,,692,12,8.060294118,75,12901.01257,12927.41306
302,19,9,15180.1183,279.63,,701,12,7.980882353,75,13201.02325,23847.91721
303,18,8,3624.521089,279.63,,706,12,7.980882353,75,13201.02516,13256.80178
304,20,9,15325.94674,279.63,,720,12,8.020588235,75,13620.99484,13640.1889
305,21,9,3665.405161,279.63,,723,12,8.020588235,75,13801.0018,13814.82429
306,16,8,3614.238911,279.63,,727,12,8.060294118,75,13801.20582,13937.38338
307,19,9,3708.489886,279.63,,730,12,8.020588235,75,13921.00544,13937.74476
308,17,8,3718.218631,279.63,,733,12,8.020588235,75,14101.00178,14117.75029
309,20,9,3680.794324,279.63,,737,12,8.060294118,75,14101.02268,14153.59949
310,18,8,3648.360298,279.63,,740,12,8.020588235,75,14281.00382,14300.95035
311,16,8,67732.95225,279.63,,744,12,8.060294118,75,14401.03562,14468.20156
312,17,8,61570.62057,279.63,,749,12,7.980882353,75,14401.03601,14484.18553
313,18,8,69383.44753,279.63,,754,12,8.020588235,75,14449.45269,70746.38932
314,21,9,46314.93087,279.63,,759,12,8.020588235,75,14449.46005,81567.73827
315,19,9,46499.2279,279.63,,763,12,8.020588235,75,14581.1338,14606.81796
316,16,8,68276.55644,279.63,,769,12,8.020588235,75,14761.01993,14782.56547
317,17,8,69867.10099,279.63,,772,12,8.020588235,75,14941.00133,14959.34885
318,20,9,67279.39479,279.63,,776,12,8.060294118,75,15001.01574,15018.51381
319,18,8,67655.32849,279.63,,780,12,8.060294118,75,15004.52859,15756.84898
320,16,8,35389.3088,279.63,,783,12,8.020588235,75,15180.99248,15194.25277
321,21,9,40285.98532,279.63,,785,12,7.980882353,75,15301.01051,26718.5865
322,17,8,67945.60099,279.63,,788,12,7.980882353,75,15301.01127,15352.61845
323,18,8,35300.70484,279.63,,792,12,8.020588235,75,15481.00237,15492.8598
324,19,9,56955.84602,279.63,,795,12,7.980882353,75,15601.03716,15639.38371
325,20,9,70090.67914,279.63,,799,12,7.980882353,75,15601.15486,15619.48831
326,21,9,16167.59551,279.63,,803,12,8.020588235,75,15781.01207,15794.84474
327,16,8,3673.616641,279.6248,,807,12,8.060294118,75,15901.0521,15917.00246
328,19,9,3737.381211,279.6197,,811,12,8.020588235,75,16081.00174,16093.79976
329,20,9,3793.626443,279.6145,,814,12,7.980882353,75,16201.02744,16259.78834
330,21,9,3851.836023,279.6093,,822,12,8.020588235,75,16261.00925,16289.41298
331,19,9,3912.956644,279.6042,,825,12,8.020588235,75,16441.00585,16455.68506
332,20,9,3920.000979,279.6042,,828,12,8.060294118,75,16501.01593,16520.65691
333,21,9,3942.311471,279.6042,,832,12,8.020588235,75,16560.99886,16572.57411
334,19,9,3930.296546,279.6042,,835,12,8.020588235,75,16741.00579,16754.18005
335,17,8,13563.52186,279.6042,,675,13,6.8175,75,12541.00402,12553.8961
336,18,8,11938.12819,279.6042,,679,13,6.78375,75,12601.0125,24191.29042
337,20,9,3974.466189,279.599,,685,13,6.85125,75,12601.16433,12640.56371
338,21,9,4033.904846,279.5938,,703,13,6.885,75,13201.02388,23999.91231
339,19,9,4098.227768,279.5887,,715,13,6.85125,75,13501.01902,13542.01073
340,20,9,4152.765104,279.5835,,721,13,6.8175,75,13681.01278,13692.77615
341,21,9,4213.702564,279.5783,,724,13,6.78375,75,13801.01653,13847.97828
342,19,9,4249.025937,279.5783,,731,13,6.8175,75,13981.00224,13992.76561
343,20,9,4260.085639,279.5783,,734,13,6.78375,75,14101.02217,14136.44681
344,21,9,14015.78895,279.5783,,738,13,6.8175,75,14161.0147,14173.24836
345,19,9,19556.45654,279.5783,,741,13,6.8175,75,14341.01549,14361.7145
346,16,8,4630.070953,279.5783,,745,13,6.78375,75,14401.03566,14420.32471
347,20,9,4526.350735,279.5783,,750,13,6.78375,75,14401.03677,14500.16065
348,17,8,4628.838609,279.5783,,756,13,6.8175,75,14449.45315,62893.64763
349,21,9,4274.73595,279.5783,,761,13,6.8175,75,14449.46152,49916.05037
350,19,9,4332.483988,279.568,,762,13,6.8175,75,14461.00659,14473.13721
351,20,9,4394.087331,279.5628,,764,13,6.8175,75,14641.01106,14652.77443
352,21,9,4453.982698,279.5628,,766,13,6.85125,75,14701.01461,14714.19236
353,19,9,4513.625661,279.5525,,770,13,6.8175,75,14820.99531,14842.16462
354,20,9,11473.70831,279.5525,,773,13,6.78375,75,15001.01241,15056.59042
355,21,9,15493.18699,279.5525,,777,13,6.85125,75,15001.01586,15025.8143
356,19,9,4541.912709,279.5525,,781,13,6.8175,75,15060.99662,15072.75999
357,18,8,4569.084566,279.5525,,784,13,6.8175,75,15241.00517,15252.11012
358,20,9,4533.116228,279.5525,,786,13,6.85125,75,15301.01101,15337.51014
359,21,9,4572.592558,279.5473,,790,13,6.8175,75,15361.00344,15372.76681
360,19,9,4639.825828,279.5422,,793,13,6.8175,75,15541.00606,15566.59616
361,20,9,4693.142089,279.537,,796,13,6.85125,75,15601.03718,15623.00062
362,21,9,4767.637942,279.5318,,801,13,6.8175,75,15661.00262,15676.62242
363,19,9,4813.149443,279.5267,,804,13,6.8175,75,15840.99336,15854.63791
364,20,9,4848.932165,279.5267,,806,13,6.85125,75,15901.05175,15976.99693
365,16,8,4857.834787,279.5267,,809,13,6.8175,75,15961.01386,15974.37624
366,21,9,4825.960388,279.5267,,812,13,6.8175,75,16141.01092,16168.10597
367,17,8,17925.42022,279.5267,,815,13,6.78375,75,16201.02886,16275.38536
368,19,9,4833.017262,279.5267,,818,13,6.85125,75,16201.06234,16320.14066
369,18,8,4843.451703,279.5267,,823,13,6.8175,75,16321.01315,16333.33334
370,20,9,17541.97271,279.5267,,826,13,6.8175,75,16501.00292,16517.56332
371,21,9,4875.498782,279.5215,,829,13,6.78375,75,16501.01604,25134.27785
372,19,9,4946.879629,279.5163,,833,13,6.8175,75,16621.00173,16635.3047
373,20,9,4992.288021,279.5163,,677,14,3.895714286,30,12601.01214,12620.2062
374,21,9,5053.435444,279.506,,682,14,3.915,30,12601.0129,12628.71359
375,19,9,19495.48105,279.5008,,687,14,3.895714286,30,12721.01147,12733.43325
376,20,9,5115.970887,279.5008,,689,14,3.895714286,30,12841.01504,12859.45662
377,21,9,5142.316965,279.5008,,691,14,3.876428571,30,12901.01246,12967.45078
378,16,8,32686.54453,279.5008,,695,14,3.895714286,30,12960.99823,12973.69335
379,19,9,5121.690099,279.5008,,697,14,3.895714286,30,13081.01326,13099.92514
380,17,8,5163.913049,279.5008,,699,14,3.895714286,30,13201.01194,13213.15154
381,20,9,5173.71253,279.4957,,702,14,3.915,30,13201.02326,13308.92425
382,21,9,5232.779241,279.4905,,707,14,3.895714286,30,13260.99933,13273.04487
383,19,9,15752.40739,279.4905,,709,14,3.895714286,30,13381.00705,13394.27537
384,20,9,5293.422394,279.4853,,711,14,3.895714286,30,13501.0012,13513.04674
385,21,9,5359.063267,279.4853,,713,14,3.876428571,30,13501.01888,33672.75786
386,19,9,5413.68894,279.475,,717,14,3.895714286,30,13561.0142,13572.49539
387,20,9,5413.587209,279.475,,719,14,3.934285714,30,13609.30555,23099.24164
388,21,9,5450.858094,279.475,,735,14,3.915,30,14101.0222,14117.22072
389,18,8,5460.878837,279.475,,743,14,3.876428571,30,14401.03486,26030.8222
390,19,9,15425.78007,279.475,,748,14,3.895714286,30,14401.03583,14448.24827
391,16,8,25746.081,279.475,,752,14,3.915,30,14401.15421,14468.7261
392,17,8,7012.207521,279.475,,758,14,3.895714286,30,14449.45914,73946.20139
393,18,8,7048.445396,279.475,,775,14,3.934285714,30,15001.01549,20935.43915
394,20,9,7006.984116,279.475,,778,14,3.895714286,30,15001.01722,15024.44395
395,16,8,6502.03343,279.475,,800,14,3.876428571,30,15601.16048,15645.7757
396,21,9,5474.173019,279.475,,816,14,3.876428571,30,16201.06196,21921.47792
397,19,9,5533.901343,279.4647,,821,14,3.915,30,16201.16247,16232.99153
398,20,9,5592.591395,279.4595,,680,15,8.060294118,75,12601.01267,12660.91063
399,21,9,5653.147954,279.4543,,684,15,7.980882353,75,12601.02789,12664.15345
400,19,9,16751.17669,279.4492,,688,15,8.020588235,75,12781.01333,12793.34105
401,20,9,11470.86254,279.4492,,690,15,8.020588235,75,12901.00132,12913.14092
402,21,9,5750.356535,279.4492,,694,15,8.060294118,75,12901.01295,12937.50053
403,17,8,5713.059923,279.4492,,696,15,8.020588235,75,13021.00378,13032.48497
404,19,9,5716.277532,279.4492,,698,15,8.020588235,75,13141.01002,13152.39715
405,18,8,5744.931844,279.4492,,700,15,8.060294118,75,13201.02312,13289.92425
406,20,9,5773.903243,279.444,,705,15,7.980882353,75,13201.02507,13245.62418
407,21,9,5841.321602,279.444,,708,15,8.020588235,75,13321.00568,13333.52152
408,19,9,5894.640853,279.4337,,710,15,8.020588235,75,13441.00928,13453.14888
409,20,9,5969.033562,279.4337,,712,15,8.1,75,13501.01886,35981.43923
410,21,9,6017.005927,279.4233,,714,15,7.980882353,75,13501.0189,13524.62883
412,17,8,18408.09669,279.4233,,718,15,7.980882353,75,13609.07413,24029.38591
411,16,8,12542.59367,279.4233,,725,15,7.980882353,75,13801.03387,13856.61392
413,19,9,6032.010902,279.4233,,728,15,8.060294118,75,13801.20596,13968.08542
414,18,8,6053.616155,279.4233,,746,15,8.1,75,14401.03568,19773.83902
415,20,9,6065.305537,279.4233,,751,15,7.941176471,75,14401.15421,14415.97921
416,16,8,6046.860142,279.4233,,755,15,8.020588235,75,14449.45288,63043.30536
417,21,9,6056.684288,279.4233,,760,15,8.020588235,75,14449.46146,41935.5828
418,19,9,6909.681802,279.4233,,767,15,7.980882353,75,14701.01535,14732.21485
419,17,8,6770.050152,279.4233,,789,15,8.020588235,75,15301.0178,15317.86037
420,20,9,6798.311937,279.4233,,798,15,8.060294118,75,15601.03773,15612.83043
421,18,8,6797.473015,279.4233,,808,15,7.980882353,75,15901.05224,15948.32139
422,21,9,6596.074489,279.4233,,819,15,7.980882353,75,16201.06235,16345.02317
423,16,8,6783.594269,279.4233,,831,15,8.060294118,75,16501.01664,16548.75703
424,19,9,6798.963897,279.4233,,0,16,3.895714286,30,1.022979113,210.67799
425,17,8,6786.202112,279.4233,,7,16,3.934285714,30,1.023769955,11609.92282
426,18,8,6795.276937,279.4233,,12,16,3.915,30,1.190778889,95.79682903
427,16,8,6764.167799,279.4233,,19,16,3.895714286,30,16.3462789,66772.12057
428,17,8,6425.549106,279.4233,,24,16,3.895714286,30,120.998657,134.5389194
429,20,9,6797.135466,279.4233,,29,16,3.857142857,30,181.0116319,196.2166319
430,21,9,6695.86038,279.4233,,32,16,3.857142857,30,241.0171431,249.9312354
431,19,9,6793.782525,279.4233,,35,16,3.895714286,30,301.0082071,315.2076498
432,20,9,6413.437234,279.4233,,41,16,3.895714286,30,361.0153631,376.1648681
433,18,8,6425.439106,279.4233,,44,16,3.857142857,30,421.7771479,433.7331859
434,21,9,6214.589281,279.4233,,47,16,3.857142857,30,481.01534,491.4545944
435,16,8,6053.389554,279.4233,,50,16,3.857142857,30,541.0276089,550.0320165
436,19,9,6035.48149,279.4233,,53,16,3.915,30,601.0047369,646.5825417
437,17,8,6060.557331,279.4233,,63,16,3.895714286,30,629.441477,46188.27403
438,18,8,6051.42877,279.4233,,68,16,3.895714286,30,721.0073041,737.2753834
439,16,8,6040.561635,279.4233,,71,16,3.895714286,30,780.9942139,792.6533932
440,17,8,6090.160082,279.4182,,74,16,3.895714286,30,841.0069909,841.1119414
441,20,9,6133.045164,279.4182,,77,16,3.895714286,30,901.0020511,913.5178927
442,21,9,6193.040414,279.413,,81,16,3.934285714,30,901.009364,15223.92382
443,19,9,6258.217661,279.4078,,86,16,3.895714286,30,1021.003088,1039.057761
444,20,9,6312.832762,279.3975,,90,16,3.895714286,30,1081.016036,1082.526927
445,21,9,14841.70039,279.3975,,95,16,3.915,30,1201.014818,1264.01137
446,18,8,6354.240747,279.3975,,101,16,3.876428571,30,1201.02026,1273.608385
447,19,9,20196.6854,279.3975,,114,16,3.895714286,30,1441.022217,1458.711326
448,20,9,6341.006223,279.3975,,126,16,3.895714286,30,1681.022873,1711.786239
449,21,9,6312.722762,279.3975,,131,16,3.857142857,30,1801.018536,1820.300847
450,19,9,6372.47645,279.3975,,137,16,3.876428571,30,1801.01932,1876.260929
451,20,9,6438.504745,279.3872,,144,16,3.934285714,30,1813.67199,2268.047776
452,16,8,6493.052543,279.382,,151,16,3.934285714,30,1813.712633,1998.730748
453,17,8,6552.861965,279.3768,,159,16,3.857142857,30,1921.011719,1931.458779
454,18,8,6613.332109,279.3717,,164,16,3.857142857,30,2041.00864,2049.842847
455,16,8,6650.721165,279.3717,,167,16,3.876428571,30,2101.021508,2117.448211
456,21,9,6658.976344,279.3717,,172,16,3.915,30,2101.022293,2140.407669
457,17,8,21301.599,279.3717,,178,16,3.895714286,30,2224.349688,2224.454638
458,19,9,6673.06136,279.3717,,184,16,3.895714286,30,2341.008839,2341.113789
459,18,8,6628.424069,279.3717,,190,16,3.876428571,30,2401.040251,2471.141453
460,20,9,26989.50797,279.3717,,194,16,3.876428571,30,2401.04662,2457.056876
461,21,9,6610.981319,279.3717,,199,16,3.895714286,30,2521.004757,2521.109707
462,16,8,7255.011899,279.3717,,204,16,3.857142857,30,2581.018699,2592.898699
463,19,9,6648.670539,279.3717,,208,16,3.895714286,30,2701.014188,2718.233
464,17,8,6663.387832,279.3717,,212,16,3.934285714,30,2701.048725,7804.283001
465,20,9,6663.946932,279.3717,,220,16,3.857142857,30,2821.016638,2832.896638
466,18,8,6653.515283,279.3717,,229,16,3.915,30,3001.009962,3027.309397
467,21,9,6642.445048,279.3717,,235,16,3.895714286,30,3061.009279,3079.914376
468,16,8,6690.442748,279.3665,,246,16,3.857142857,30,3241.015517,3251.470517
469,19,9,6733.247698,279.3613,,253,16,3.876428571,30,3301.98238,3549.828419
470,20,9,6793.057035,279.3562,,260,16,3.895714286,30,3481.026532,3495.047324
471,21,9,6852.299994,279.351,,267,16,3.876428571,30,3601.016312,3614.238911
472,19,9,6913.226356,279.351,,272,16,3.895714286,30,3642.570298,68276.55644
473,17,8,7010.153861,279.3458,,277,16,3.895714286,30,3642.575021,35389.3088
474,20,9,7020.240273,279.3458,,280,16,3.895714286,30,3661.00674,3673.616641
475,18,8,12441.93378,279.3458,,296,16,3.876428571,30,4201.202906,4630.070953
476,21,9,7055.357536,279.3458,,313,16,3.876428571,30,4801.026681,4857.834787
477,19,9,12511.28836,279.3458,,325,16,3.876428571,30,5101.009742,32686.54453
478,20,9,6972.964411,279.3407,,340,16,3.876428571,30,5407.600576,6502.03343
479,21,9,7032.109252,279.3355,,355,16,3.876428571,30,6001.018611,12542.59367
480,19,9,7093.339314,279.3303,,359,16,3.876428571,30,6001.025642,6046.860142
481,0,2,7153.334892,279.1223,,366,16,3.934285714,30,6024.225952,6783.594269
482,1,2,8020.448714,278.91,,372,16,3.934285714,30,6028.777321,6053.389554
483,3,3,17841.1987,278.91,,384,16,3.895714286,30,6481.006998,6493.052543
484,2,2,7233.293289,278.91,,387,16,3.876428571,30,6601.020585,6650.721165
485,4,3,7223.02192,278.91,,393,16,3.915,30,6615.847714,7255.011899
486,0,2,19551.18538,278.91,,399,16,3.895714286,30,6661.006989,6690.442748
487,1,2,7214.236224,278.91,,3,17,3.176470588,30,1.023286991,209.544414
488,3,3,7259.69679,278.91,,9,17,3.192352941,30,1.074941019,137.7078881
489,2,2,7289.293031,278.91,,15,17,3.208235294,30,16.343055,33929.02219
490,4,3,7299.700956,278.91,,21,17,3.208235294,30,16.3526061,50121.97205
491,0,2,7217.313621,278.91,,26,17,3.208235294,30,121.9371211,123.3539528
492,1,2,7269.064175,278.91,,30,17,3.208235294,30,241.0014019,254.2600144
493,3,3,7897.327403,278.91,,33,17,3.192352941,30,301.0080409,360.0832962
494,2,2,7842.752869,278.91,,37,17,3.208235294,30,301.0086399,302.519531
495,0,2,7840.331301,278.91,,42,17,3.208235294,30,420.9941809,440.8371463
496,4,3,7843.459989,278.91,,45,17,3.208235294,30,481.006584,494.5486538
497,1,2,7843.841104,278.91,,48,17,3.208235294,30,541.0114471,554.1755809
498,3,3,7839.803126,278.91,,51,17,3.208235294,30,601.0042119,601.1091624
499,4,3,7845.915871,278.91,,55,17,3.176470588,30,601.004908,638.050522
500,3,3,7560.231818,278.91,,59,17,3.224117647,30,601.4926971,612.9178203
501,2,2,7839.056791,278.91,,65,17,3.208235294,30,629.4446231,61570.62057
502,0,2,7839.243065,278.91,,69,17,3.176470588,30,723.6427101,736.9426625
503,1,2,7848.48273,278.91,,72,17,3.208235294,30,781.004817,781.1097675
504,2,2,7952.249852,278.91,,75,17,3.176470588,30,841.00764,854.3069414
505,0,2,7586.032281,278.91,,78,17,3.192352941,30,901.009083,15351.29695
506,4,3,7589.383368,278.91,,83,17,3.208235294,30,901.009869,1167.373362
507,1,2,7596.92934,278.91,,93,17,3.176470588,30,1141.022599,1149.957599
508,2,2,7964.577427,278.91,,97,17,3.24,30,1201.015172,12191.39098
509,0,2,7223.441072,278.91,,107,17,3.208235294,30,1321.017804,1321.122754
510,1,2,7222.323425,278.91,,117,17,3.176470588,30,1501.02022,1758.370321
511,2,2,7215.97642,278.91,,133,17,3.192352941,30,1801.018952,13563.52186
512,3,3,7224.008824,278.91,,139,17,3.192352941,30,1801.026601,1871.345722
513,4,3,7222.703956,278.91,,146,17,3.24,30,1813.677591,2369.204638
514,0,2,95276.69484,278.91,,153,17,3.24,30,1815.691143,2004.755258
515,1,2,31084.77051,278.91,,161,17,3.208235294,30,1981.021697,1981.126647
516,3,3,21424.12247,278.91,,165,17,3.208235294,30,2041.00993,2053.136709
517,2,2,95568.74211,278.91,,168,17,3.176470588,30,2101.021802,2125.038211
518,4,3,10605.02755,278.91,,174,17,3.208235294,30,2161.006544,2173.324449
519,0,2,77392.52427,278.91,,180,17,3.208235294,30,2281.002213,2281.107163
520,1,2,67251.8761,278.91,,186,17,3.208235294,30,2401.005004,2420.661729
521,2,2,91675.28977,278.91,,195,17,3.224117647,30,2401.765689,2456.049134
522,0,2,102526.5088,278.91,,201,17,3.208235294,30,2521.013928,2534.451292
523,1,2,47538.4365,278.91,,205,17,3.208235294,30,2641.018341,2653.807253
524,3,3,62176.43647,278.91,,210,17,3.192352941,30,2701.048493,2730.787676
525,4,3,26774.16563,278.91,,214,17,3.176470588,30,2701.048906,2721.723
526,3,3,90886.52185,278.91,,223,17,3.208235294,30,2881.024608,2893.822628
527,2,2,90551.10165,278.91,,231,17,3.208235294,30,3001.010329,3002.52122
528,0,2,102093.1277,278.91,,237,17,3.176470588,30,3061.721307,3124.513806
529,1,2,10548.49083,278.91,,249,17,3.208235294,30,3301.012149,3595.319014
530,4,3,8599.646586,278.91,,263,17,3.208235294,30,3601.009179,4393.079144
531,2,2,78113.43021,278.91,,269,17,3.192352941,30,3601.025685,3718.218631
532,0,2,77580.80645,278.91,,275,17,3.208235294,30,3642.573863,69867.10099
533,1,2,77868.25199,278.91,,298,17,3.224117647,30,4201.265882,4628.838609
534,2,2,73513.72724,278.91,,315,17,3.24,30,4801.045881,18408.09669
535,3,3,78647.62357,278.91,,327,17,3.224117647,30,5101.010093,5163.913049
536,4,3,75771.90235,278.91,,337,17,3.208235294,30,5401.256946,7012.207521
537,0,2,75590.08368,278.91,,348,17,3.208235294,30,5701.014378,5713.059923
538,1,2,77600.13318,278.91,,362,17,3.24,30,6024.212106,6786.202112
539,2,2,76016.41041,278.91,,368,17,3.24,30,6024.230909,6425.549106
540,0,2,77592.45992,278.91,,374,17,3.208235294,30,6061.00422,6090.160082
541,3,3,75586.4172,278.91,,385,17,3.208235294,30,6541.004539,6552.861965
542,1,2,79108.13318,278.91,,389,17,3.24,30,6601.052901,21301.599
543,2,2,79135.59853,278.91,,395,17,3.24,30,6624.274606,6663.387832
544,4,3,76936.58057,278.91,,404,17,3.224117647,30,6901.014452,7010.153861
545,3,3,77507.43545,278.91,,4,18,6.85125,75,1.023377897,131.8656521
546,4,3,72409.56415,278.91,,11,18,6.75,75,1.175120001,60.0726911
547,0,2,86533.42839,278.91,,17,18,6.8175,75,16.34399311,31850.02711
548,1,2,87015.5769,278.91,,23,18,6.8175,75,61.00167295,73.51751453
549,2,2,85176.90363,278.91,,27,18,6.8175,75,181.0054041,201.6027705
550,0,2,85706.5769,278.91,,31,18,6.8175,75,241.0162849,241.1212354
551,1,2,78357.46982,278.91,,34,18,6.85125,75,301.0081499,331.7051867
552,3,3,72656.72692,278.91,,39,18,6.885,75,301.0090161,11938.12819
553,2,2,70486.83019,278.91,,43,18,6.8175,75,421.764473,422.9931859
554,4,3,71978.36716,278.91,,46,18,6.8175,75,481.0146439,481.1195944
555,3,3,68107.39686,278.91,,49,18,6.8175,75,541.027066,541.1320165
556,4,3,73115.22656,278.91,,52,18,6.78375,75,601.004688,12201.96809
557,0,2,87953.5967,278.91,,57,18,6.78375,75,601.0429789,674.1636296
558,1,2,61293.34145,278.91,,61,18,6.8175,75,629.440522,44128.17997
559,2,2,76300.30645,278.91,,67,18,6.8175,75,660.9996329,673.9857715
560,0,2,89763.32938,278.91,,70,18,6.8175,75,723.657712,723.7626625
561,1,2,73178.61833,278.91,,73,18,6.75,75,781.0055219,789.8247675
562,3,3,80021.34793,278.91,,76,18,6.8175,75,841.011967,860.4752582
563,2,2,68575.55927,278.91,,79,18,6.75,75,901.009105,1100.687494
564,4,3,72430.88099,278.91,,85,18,6.8175,75,961.0008369,973.0463815
565,3,3,70028.98102,278.91,,88,18,6.8175,75,1080.994057,1093.408115
566,4,3,47941.39191,278.91,,99,18,6.78375,75,1201.015458,1278.050608
567,0,2,92051.73532,278.91,,111,18,6.75,75,1381.016019,1391.471019
568,1,2,68986.42958,278.91,,119,18,6.85125,75,1501.020599,1754.570321
569,2,2,70753.80645,278.91,,123,18,6.8175,75,1626.218238,1627.823188
570,0,2,69461.80582,278.91,,128,18,6.8175,75,1741.018597,1753.808319
571,1,2,68876.06422,278.91,,135,18,6.85125,75,1801.018988,1831.713881
572,3,3,65979.44637,278.91,,142,18,6.885,75,1813.670847,2562.828686
573,2,2,71155.87576,278.91,,149,18,6.885,75,1813.711552,1992.21114
574,0,2,69455.35037,278.91,,156,18,6.75,75,1917.203779,1927.556719
575,1,2,69736.08761,278.91,,163,18,6.8175,75,2041.007897,2041.112847
576,2,2,71396.33615,278.91,,166,18,6.8175,75,2101.004829,2113.983416
577,0,2,66588.01472,278.91,,170,18,6.8175,75,2101.02203,2102.532921
578,4,3,22491.87093,278.91,,175,18,6.8175,75,2161.045142,2165.754053
579,3,3,7286.327822,278.9952,,182,18,6.75,75,2281.018175,2291.357163
580,4,3,7333.709066,279.0803,,188,18,6.75,75,2401.015102,2418.765689
581,3,3,7408.375621,279.0803,,192,18,6.78375,75,2401.046355,13051.96373
582,4,3,7452.778247,279.2507,,198,18,6.8175,75,2518.179618,2518.284568
583,3,3,7514.362172,279.2507,,202,18,6.8175,75,2581.009745,2595.022461
584,4,3,7550.694378,279.3358,,207,18,6.75,75,2641.02552,2651.48052
585,1,2,7546.775415,279.3358,,218,18,6.8175,75,2821.00468,2844.139212
586,2,2,16669.05835,279.3358,,226,18,6.75,75,2941.009591,2955.929591
587,3,3,7528.70095,279.3358,,233,18,6.78375,75,3001.043279,3056.02084
588,0,2,17993.05103,279.3358,,240,18,6.8175,75,3121.123806,3183.858881
589,4,3,7581.143171,279.421,,251,18,6.78375,75,3301.012737,8887.387479
590,3,3,7643.669021,279.5062,,257,18,6.75,75,3423.056664,3439.298001
591,4,3,7692.381558,279.5062,,265,18,6.8175,75,3601.015828,3624.521089
592,3,3,7760.013389,279.6765,,271,18,6.75,75,3601.243886,3648.360298
593,4,3,7817.847457,279.7617,,273,18,6.8175,75,3642.571572,69383.44753
594,3,3,7850.547712,279.7617,,279,18,6.8175,75,3642.57681,35300.70484
595,4,3,7860.378052,279.7617,,305,18,6.78375,75,4501.019392,4569.084566
596,1,2,7888.63544,279.7617,,317,18,6.85125,75,4801.046284,4843.451703
597,3,3,23012.5376,279.7617,,335,18,6.78375,75,5401.142385,5460.878837
598,2,2,7865.142829,279.7617,,338,18,6.85125,75,5401.257051,7048.445396
599,0,2,23294.16624,279.7617,,357,18,6.85125,75,6001.019085,6053.616155
600,4,3,7851.488011,279.7617,,364,18,6.885,75,6024.222611,6797.473015
601,1,2,7848.37805,279.7617,,370,18,6.885,75,6024.23402,6425.439106
602,3,3,7874.278384,279.8468,,380,18,6.78375,75,6301.016369,6354.240747
603,4,3,7933.055499,279.932,,386,18,6.8175,75,6601.004386,6613.332109
604,3,3,7993.051044,280.0172,,391,18,6.85125,75,6601.053241,6628.424069
605,4,3,8052.76622,280.1023,,397,18,6.885,75,6624.275095,6653.515283
606,3,3,8112.679426,280.1875,,406,18,6.885,75,6901.014885,12441.93378
607,4,3,8132.012759,280.1875,,1,19,3.876428571,30,1.023016071,121.5420109
608,2,2,8114.214962,280.1875,,6,19,3.915,30,1.023633066,153.9549849
609,0,2,40361.63618,280.1875,,13,19,3.895714286,30,16.338099,38292.718
610,1,2,8121.412007,280.1875,,18,19,3.895714286,30,16.3457189,62830.80512
611,3,3,39877.01491,280.1875,,25,19,3.857142857,30,121.9205021,135.3205021
612,4,3,8180.201631,280.2727,,38,19,3.915,30,301.008965,352.3896369
613,3,3,8232.495361,280.3578,,56,19,3.895714286,30,601.0404099,618.2156793
614,4,3,8309.041613,280.443,,62,19,3.895714286,30,629.4408179,47731.41038
615,3,3,15182.81994,280.443,,80,19,3.915,30,901.0092431,1128.444479
616,4,3,14667.89759,280.443,,87,19,3.857142857,30,1036.297134,1101.843996
617,3,3,8353.80669,280.5282,,92,19,3.895714286,30,1141.021862,1141.126812
618,4,3,8414.467554,280.6133,,98,19,3.895714286,30,1201.015233,1202.526124
619,2,2,8467.475105,280.6133,,103,19,3.895714286,30,1261.003763,1278.786931
620,0,2,8451.314216,280.6133,,106,19,3.895714286,30,1321.008342,1333.198013
621,3,3,17993.47731,280.6133,,110,19,3.895714286,30,1381.015648,1381.120598
622,4,3,8558.933658,280.6133,,115,19,3.915,30,1501.019982,1764.865273
623,1,2,19602.87165,280.6133,,120,19,3.895714286,30,1501.084065,1512.471194
624,3,3,8490.893857,280.6133,,124,19,3.857142857,30,1626.218621,1638.089985
625,2,2,8480.495785,280.6133,,127,19,3.895714286,30,1741.016723,1741.121673
626,0,2,8475.673125,280.6985,,132,19,3.934285714,30,1801.01873,22337.67826
627,1,2,8536.7171,280.7837,,138,19,3.876428571,30,1801.025314,1860.750664
628,2,2,8595.314725,280.8688,,143,19,3.934285714,30,1813.671729,2105.431617
629,4,3,8654.731496,280.8688,,148,19,3.934285714,30,1813.710509,2105.593382
630,3,3,8716.144742,280.954,,154,19,3.895714286,30,1861.002102,1881.324874
631,0,2,21764.30771,281.0392,,158,19,3.895714286,30,1921.011235,1921.116185
632,4,3,18859.52713,281.0392,,169,19,3.876428571,30,2101.021962,26612.15474
633,3,3,8807.995488,281.0392,,176,19,3.857142857,30,2161.045345,2176.250345
634,1,2,8830.467442,281.0392,,181,19,3.895714286,30,2281.00688,2295.48736
635,4,3,8852.241794,281.0392,,187,19,3.895714286,30,2401.014734,2431.865277
636,3,3,8775.786086,281.1243,,193,19,3.915,30,2401.04648,2425.949436
637,4,3,8835.598203,281.2095,,200,19,3.857142857,30,2521.00498,2535.820056
638,3,3,8900.200142,281.2947,,209,19,3.895714286,30,2701.048165,2701.153115
639,4,3,8955.12306,281.3798,,215,19,3.895714286,30,2760.995922,2773.982061
640,3,3,9019.904334,281.465,,219,19,3.895714286,30,2821.015653,2821.120603
641,4,3,9016.453839,281.465,,224,19,3.895714286,30,2941.007803,2960.569265
642,2,2,20770.20338,281.465,,236,19,3.895714286,30,3061.014088,3174.917719
643,0,2,9063.784264,281.465,,241,19,3.895714286,30,3181.002064,3196.990658
644,3,3,9054.252744,281.465,,244,19,3.895714286,30,3241.007072,3253.327994
645,1,2,22089.76893,281.465,,248,19,3.857142857,30,3301.012133,3608.705654
646,2,2,9026.570378,281.465,,254,19,3.915,30,3302.986634,3469.021694
647,0,2,9066.052743,281.465,,258,19,3.895714286,30,3481.018552,3481.123502
648,4,3,9086.543465,281.465,,264,19,3.876428571,30,3601.015717,15752.40739
649,1,2,9025.358555,281.465,,268,19,3.876428571,30,3601.024364,3708.489886
650,3,3,9072.588242,281.5502,,274,19,3.895714286,30,3642.572753,56955.84602
651,4,3,9137.554724,281.5502,,281,19,3.895714286,30,3721.008934,3737.381211
652,3,3,9192.951304,281.6353,,284,19,3.895714286,30,3901.005159,3912.956644
653,4,3,9252.766018,281.8057,,287,19,3.915,30,3901.012545,3930.296546
654,3,3,9318.418173,281.8908,,290,19,3.895714286,30,4081.008956,4098.227768
655,4,3,9395.914358,281.8908,,293,19,3.876428571,30,4201.021387,4249.025937
656,2,2,19684.07754,281.8908,,295,19,3.934285714,30,4201.202564,19556.45654
657,3,3,9386.83554,281.8908,,300,19,3.895714286,30,4321.0028,4332.483988
658,0,2,9414.362925,281.8908,,303,19,3.895714286,30,4501.01576,4513.625661
659,1,2,18655.32754,281.8908,,304,19,3.915,30,4501.019298,4541.912709
660,4,3,9372.870306,281.976,,308,19,3.895714286,30,4621.008006,4639.825828
661,3,3,9432.956262,282.0612,,311,19,3.895714286,30,4801.009839,4813.149443
662,4,3,9497.187323,282.1463,,316,19,3.915,30,4801.046193,4833.017262
663,3,3,9553.039227,282.1463,,320,19,3.895714286,30,4921.007352,4946.879629
664,4,3,9612.11416,282.3167,,326,19,3.915,30,5101.010016,5121.690099
665,3,3,9653.750891,282.3167,,332,19,3.895714286,30,5401.004075,5413.68894
666,4,3,9664.810592,282.3167,,336,19,3.934285714,30,5401.195472,15425.78007
667,2,2,9624.442914,282.3167,,342,19,3.895714286,30,5521.009264,5533.901343
668,3,3,9655.641438,282.3167,,345,19,3.876428571,30,5701.014232,20196.6854
669,0,2,9646.434623,282.3167,,349,19,3.915,30,5701.01497,5716.277532
670,1,2,20723.84619,282.3167,,352,19,3.895714286,30,5881.006845,5894.640853
671,4,3,19686.00475,282.3167,,356,19,3.876428571,30,6001.018694,6032.010902
672,3,3,12804.72112,282.3167,,361,19,3.915,30,6019.213311,6909.681802
673,2,2,12837.89489,282.3167,,367,19,3.934285714,30,6024.226808,6798.963897
674,4,3,12866.9221,282.3167,,373,19,3.934285714,30,6028.778903,6035.48149
675,0,2,12804.33046,282.3167,,377,19,3.895714286,30,6240.998849,6258.217661
676,1,2,12843.07506,282.3167,,382,19,3.895714286,30,6360.995262,6372.47645
677,3,3,12823.07896,282.3167,,390,19,3.876428571,30,6601.053014,6673.06136
678,4,3,12870.11327,282.3167,,394,19,3.934285714,30,6624.273071,6648.670539
679,3,3,12865.64759,282.3167,,400,19,3.895714286,30,6721.014035,6733.247698
680,2,2,12836.81156,282.3167,,403,19,3.895714286,30,6900.999297,6913.226356
681,0,2,12820.38438,282.3167,,408,19,3.876428571,30,6901.015254,12511.28836
682,1,2,12851.5829,282.3167,,411,19,3.895714286,30,7081.011591,7093.339314
683,2,2,11348.40914,282.3167,,2,20,3.192352941,30,1.023188108,11473.70831
684,0,2,11348.22287,282.3167,,8,20,3.208235294,30,1.06350396,929.5731472
685,4,3,11240.933,282.3167,,14,20,3.208235294,30,16.34305191,40671.95562
686,1,2,11347.75718,282.3167,,20,20,3.208235294,30,16.346628,62906.51799
687,3,3,12863.06916,282.3167,,28,20,3.208235294,30,181.01136,181.3935382
688,4,3,11247.26582,282.3167,,40,20,3.176470588,30,301.0090211,324.7640211
689,2,2,9848.318365,282.3167,,58,20,3.192352941,30,601.0471471,663.7662165
690,0,2,9847.014444,282.3167,,64,20,3.208235294,30,629.4422481,47086.35592
691,1,2,9846.083071,282.3167,,82,20,3.224117647,30,901.0095041,1119.92743
692,2,2,9740.446645,282.3167,,89,20,3.176470588,30,1081.015788,1091.470788
693,0,2,9740.661502,282.3167,,94,20,3.208235294,30,1201.007806,1214.081739
694,3,3,9676.8898,282.3167,,100,20,3.224117647,30,1201.015499,1240.406862
695,4,3,9732.480748,282.4018,,104,20,3.208235294,30,1315.908328,1317.419219
696,3,3,9794.081682,282.5722,,108,20,3.176470588,30,1321.018013,1332.97833
697,4,3,9853.049402,282.6573,,112,20,3.208235294,30,1441.021024,1441.125974
698,3,3,9918.229511,282.7425,,116,20,3.208235294,30,1501.020211,1747.367736
699,1,2,9939.425047,282.7425,,121,20,3.208235294,30,1561.015757,1573.34348
700,4,3,15191.10915,282.7425,,129,20,3.208235294,30,1801.013111,1813.614747
701,2,2,20007.67953,282.7425,,134,20,3.208235294,30,1801.018971,1848.041966
702,3,3,9925.810792,282.7425,,140,20,3.224117647,30,1801.150815,1815.279772
703,0,2,9917.15639,282.7425,,145,20,3.24,30,1813.673233,2291.145776
704,4,3,9973.524319,282.8277,,150,20,3.24,30,1813.712565,2032.108087
705,3,3,10037.19963,282.9128,,155,20,3.208235294,30,1917.203411,1917.308361
706,4,3,10093.23554,282.998,,160,20,3.208235294,30,1981.002354,1995.036615
707,3,3,10155.22329,283.0832,,171,20,3.224117647,30,2101.022069,2133.406189
708,4,3,10218.78412,283.1683,,177,20,3.208235294,30,2221.018907,2233.337833
709,1,2,10274.45971,283.1683,,183,20,3.208235294,30,2341.001164,2353.035838
710,3,3,10253.93337,283.1683,,189,20,3.224117647,30,2401.03037,2455.10889
711,2,2,10243.41494,283.1683,,196,20,3.208235294,30,2461.009994,2477.57039
712,0,2,21854.77874,283.1683,,203,20,3.208235294,30,2581.01771,2581.12266
713,1,2,10209.84843,283.1683,,211,20,3.224117647,30,2701.048553,2758.044477
714,4,3,10227.65477,283.1683,,216,20,3.208235294,30,2818.582043,2820.281053
715,2,2,20760.24815,283.1683,,221,20,3.208235294,30,2881.014183,2881.119133
716,3,3,10274.66228,283.2535,,225,20,3.208235294,30,2941.008869,2941.113819
717,4,3,10348.67558,283.3387,,228,20,3.224117647,30,3001.009745,3094.601261
718,3,3,10393.14772,283.4238,,232,20,3.208235294,30,3001.016653,3018.410452
719,4,3,10458.12923,283.509,,238,20,3.208235294,30,3121.011778,3132.963263
720,3,3,10512.85863,283.5942,,242,20,3.208235294,30,3211.267549,3212.394511
721,0,2,10523.20962,283.5942,,245,20,3.208235294,30,3241.015123,3241.120073
722,4,3,10515.93325,283.5942,,250,20,3.24,30,3301.012364,15325.94674
723,1,2,21778.08222,283.5942,,255,20,3.208235294,30,3361.006916,3373.993055
724,2,2,21501.44716,283.5942,,259,20,3.176470588,30,3481.018952,3491.373502
725,0,2,10540.70223,283.5942,,262,20,3.208235294,30,3541.016036,3542.526927
726,3,3,10580.2019,283.6793,,270,20,3.224117647,30,3601.241659,3680.794324
727,4,3,10632.57198,283.6793,,276,20,3.208235294,30,3642.57419,70090.67914
728,3,3,10701.9849,283.8497,,282,20,3.208235294,30,3781.016542,3793.626443
729,4,3,10755.20973,283.9348,,285,20,3.224117647,30,3901.012136,3920.000979
730,3,3,11602.53564,284.02,,288,20,3.208235294,30,3961.009753,3974.466189
731,1,2,10984.08838,284.02,,291,20,3.208235294,30,4141.001738,4152.765104
732,4,3,10975.86323,284.02,,294,20,3.192352941,30,4201.037542,4260.085639
733,2,2,11034.59268,284.02,,297,20,3.224117647,30,4201.20342,4526.350735
734,0,2,21565.7903,284.02,,301,20,3.208235294,30,4381.007133,4394.087331
735,3,3,11018.80411,284.02,,306,20,3.224117647,30,4501.019606,4533.116228
736,1,2,10921.34632,284.02,,309,20,3.208235294,30,4681.002485,4693.142089
737,2,2,10932.97319,284.02,,312,20,3.192352941,30,4801.02562,4848.932165
738,4,3,10847.47036,284.02,,318,20,3.192352941,30,4801.046508,26989.50797
739,0,2,10867.22588,284.02,,321,20,3.208235294,30,4980.994952,4992.288021
740,3,3,19876.78584,284.02,,323,20,3.208235294,30,5101.009501,5115.970887
741,4,3,70560.50577,284.02,,328,20,3.208235294,30,5161.00857,5173.71253
742,1,2,85544.11155,284.02,,330,20,3.208235294,30,5281.000612,5293.422394
743,2,2,79372.74704,284.02,,333,20,3.224117647,30,5401.140664,5413.587209
744,3,3,72667.31603,284.02,,339,20,3.224117647,30,5401.25716,7006.984116
745,4,3,72381.0592,284.02,,343,20,3.208235294,30,5581.016147,5592.591395
746,3,3,69493.81271,284.02,,346,20,3.24,30,5701.014301,11470.86254
747,0,2,73514.60843,284.02,,350,20,3.208235294,30,5761.011164,5773.903243
748,1,2,85149.00264,284.02,,353,20,3.208235294,30,5940.997918,5969.033562
749,2,2,82250.71552,284.02,,358,20,3.224117647,30,6001.019086,6065.305537
750,0,2,46033.95135,284.02,,363,20,3.24,30,6024.220911,6798.311937
751,1,2,47934.13947,284.02,,369,20,3.24,30,6024.23361,6413.437234
752,4,3,81344.83308,284.02,,375,20,3.208235294,30,6120.999619,6133.045164
753,2,2,43767.4959,284.02,,378,20,3.208235294,30,6301.016075,6312.832762
754,3,3,66032.7434,284.02,,383,20,3.208235294,30,6421.003755,6438.504745
755,4,3,80350.28852,284.02,,396,20,3.24,30,6624.275084,6663.946932
756,3,3,40913.07508,284.02,,401,20,3.208235294,30,6781.01149,6793.057035
757,4,3,10876.06719,284.214,,405,20,3.224117647,30,6901.01484,7020.240273
758,0,2,10933.59577,284.214,,409,20,3.208235294,30,6961.012926,6972.964411
759,1,2,10993.62253,284.602,,5,21,6.8175,75,1.023631021,104.7658915
760,2,2,11058.22777,284.796,,10,21,6.78375,75,1.171832111,102.5022781
761,0,2,11119.53139,284.796,,16,21,6.8175,75,16.343737,64676.00775
762,1,2,11236.61341,284.99,,22,21,6.8175,75,16.3531941,62591.23087
763,3,3,11204.53859,284.99,,36,21,6.78375,75,301.0082711,14015.78895
764,2,2,17168.89417,284.99,,54,21,6.78375,75,601.0047981,611.5028081
765,0,2,22310.26403,284.99,,60,21,6.8175,75,629.436131,31759.08166
766,1,2,11225.99764,284.99,,66,21,6.8175,75,629.4699339,46314.93087
767,2,2,11191.38907,285.184,,84,21,6.78375,75,902.011061,1062.419452
768,4,3,11238.60815,285.378,,91,21,6.8175,75,1141.000995,1159.151565
769,3,3,11303.98894,285.378,,96,21,6.75,75,1201.015006,1211.646124
770,4,3,11353.34257,285.766,,102,21,6.78375,75,1201.035797,1259.421787
771,0,2,11417.94407,285.96,,105,21,6.75,75,1315.92333,1331.103342
772,3,3,11558.68657,285.96,,109,21,6.8175,75,1381.007237,1392.481985
773,4,3,11558.68657,285.96,,113,21,6.75,75,1441.021634,1454.320974
774,1,2,25104.66133,285.96,,118,21,6.78375,75,1501.020418,1775.05185
775,2,2,18997.18538,285.96,,122,21,6.8175,75,1620.997262,1633.223571
777,1,2,22741.57746,285.96,,125,21,6.75,75,1681.015579,1690.330579
776,0,2,25674.06754,285.96,,130,21,6.85125,75,1801.018414,1812.708807
778,3,3,11510.42953,285.96,,136,21,6.8175,75,1801.01903,1802.423092
779,4,3,11510.42953,285.96,,141,21,6.85125,75,1808.788266,2729.39423
780,2,2,11533.81675,285.96,,147,21,6.885,75,1813.694362,2215.148083
781,0,2,11533.81675,285.96,,152,21,6.885,75,1815.690481,2192.545142
782,1,2,11447.0386,285.96,,157,21,6.8175,75,1921.01016,1933.329057
783,3,3,11455.67584,285.96,,162,21,6.75,75,1981.022407,1989.957407
784,2,2,11474.47685,286.154,,173,21,6.885,75,2101.022339,16511.30604
785,4,3,11533.23366,286.348,,179,21,6.75,75,2224.350188,2239.070689
786,3,3,11593.61501,286.542,,185,21,6.75,75,2341.00965,2351.65465
787,4,3,11653.14925,286.736,,191,21,6.78375,75,2401.041069,2452.244826
788,3,3,11713.71046,286.93,,197,21,6.75,75,2518.040056,2529.53498
789,4,3,11810.27614,286.93,,206,21,6.8175,75,2641.02516,2641.13011
790,3,3,11895.68223,286.93,,213,21,6.85125,75,2701.048782,2714.148189
792,1,2,23914.97016,286.93,,217,21,6.75,75,2818.613142,2833.400603
791,0,2,11907.50146,286.93,,222,21,6.75,75,2881.014356,2891.654133
793,4,3,21894.5739,286.93,,227,21,6.75,75,3001.009709,3012.984709
794,3,3,11772.49007,287.124,,230,21,6.78375,75,3001.009969,3039.383315
795,4,3,11837.29403,287.318,,234,21,6.78375,75,3001.043746,3069.443016
796,3,3,11892.30042,287.512,,239,21,6.75,75,3121.108876,3184.467064
797,4,3,11956.82253,287.706,,243,21,6.75,75,3211.498471,3226.314511
798,3,3,12178.09691,287.9,,247,21,6.8175,75,3301.004726,3312.664852
799,4,3,12053.19257,287.9,,252,21,6.85125,75,3301.012885,3688.390383
800,3,3,12052.84928,287.9,,256,21,6.8175,75,3421.001405,3432.388534
801,2,2,12171.16588,287.9,,261,21,6.8175,75,3541.013044,3553.521977
802,4,3,12186.80106,287.9,,266,21,6.85125,75,3601.015991,3665.405161
803,0,2,25118.33297,287.9,,278,21,6.8175,75,3642.576068,40285.98532
804,1,2,18506.09371,287.9,,283,21,6.8175,75,3841.013251,3851.836023
805,2,2,12077.88727,287.9,,286,21,6.78375,75,3901.012518,3942.311471
806,3,3,12090.83612,288.094,,289,21,6.8175,75,4021.012767,4033.904846
807,4,3,12133.53041,288.288,,292,21,6.8175,75,4201.009012,4213.702564
808,3,3,12193.42482,288.482,,299,21,6.8175,75,4260.997336,4274.73595
809,4,3,12259.74016,288.676,,302,21,6.8175,75,4440.996559,4453.982698
810,3,3,12319.83019,288.87,,307,21,6.8175,75,4561.01731,4572.592558
811,4,3,12326.09128,288.87,,310,21,6.8175,75,4741.01319,4767.637942
812,3,3,18229.29104,288.87,,314,21,6.78375,75,4801.045782,4825.960388
813,4,3,18314.8383,288.87,,319,21,6.8175,75,4861.007693,4875.498782
814,0,2,12334.95905,288.87,,322,21,6.8175,75,5041.013662,5053.435444
815,1,2,12317.13318,288.87,,324,21,6.78375,75,5101.009676,5142.316965
816,3,3,12374.17262,288.87,,329,21,6.8175,75,5221.023299,5232.779241
817,11,6,12432.76901,289.213,,331,21,6.8175,75,5340.99792,5359.063267
818,12,6,12507.81064,289.213,,334,21,6.78375,75,5401.140701,5450.858094
819,13,6,12553.8961,288.671,,341,21,6.8175,75,5460.998762,5474.173019
820,11,6,12613.23859,288.4,,344,21,6.8175,75,5641.00835,5653.147954
821,14,7,12620.2062,288.4,,347,21,6.78375,75,5701.014364,5750.356535
822,12,6,20341.78564,288.4,,351,21,6.8175,75,5820.99883,5841.321602
823,13,6,23805.23064,288.4,,354,21,6.8175,75,6001.009887,6017.005927
824,15,7,12660.91063,288.4,,360,21,6.78375,75,6001.026457,6056.684288
825,11,6,12645.25028,288.4,,365,21,6.885,75,6024.224383,6695.86038
826,14,7,12628.71359,288.4,,371,21,6.885,75,6024.257624,6214.589281
827,12,6,12671.90382,288.4,,376,21,6.8175,75,6180.994869,6193.040414
828,15,7,12664.15345,288.4,,379,21,6.885,75,6301.016304,14841.70039
829,13,6,12640.56371,288.4,,381,21,6.85125,75,6301.016851,6312.722762
830,11,6,12677.28501,288.129,,388,21,6.78375,75,6601.034863,6658.976344
831,14,7,12733.43325,287.858,,392,21,6.85125,75,6601.053733,6610.981319
832,15,7,12793.34105,287.587,,398,21,6.885,75,6624.276421,6642.445048
833,14,7,12859.45662,287.316,,402,21,6.8175,75,6841.006925,6852.299994
834,15,7,12913.14092,287.045,,407,21,6.78375,75,6901.015228,7055.357536
835,14,7,12967.45078,287.045,,410,21,6.8175,75,7021.004302,7032.109252
836,12,6,12927.41306,287.045
837,13,6,24191.29042,287.045
838,11,6,22004.08417,287.045
839,15,7,12937.50053,287.045
840,14,7,12973.69335,287.045
841,15,7,13032.48497,286.503
842,14,7,13099.92514,286.232
843,15,7,13152.39715,285.961
844,14,7,13213.15154,285.69
845,15,7,13289.92425,285.69
846,12,6,22448.46228,285.69
847,14,7,13308.92425,285.69
848,13,6,23216.31522,285.69
849,11,6,13299.61272,285.69
850,15,7,13245.62418,285.69
851,12,6,13256.80178,285.69
852,14,7,13273.04487,285.69
853,15,7,13333.52152,285.148
854,14,7,13394.27537,284.877
855,15,7,13453.14888,284.606
856,14,7,13513.04674,284.335
857,15,7,35981.43923,284.335
858,14,7,33672.75786,284.335
859,15,7,13524.62883,284.335
860,13,6,13542.01073,284.335
861,11,6,13516.00087,284.335
862,14,7,13572.49539,284.064
863,15,7,20989.13069,284.064
864,14,7,21109.19932,284.064
865,12,6,13640.1889,284.064
866,13,6,13692.77615,283.522
867,11,6,13768.10672,283.251
868,12,6,13814.82429,282.98
869,13,6,13847.97828,282.98
870,15,7,13856.61392,282.98
871,11,6,14011.14652,282.98
872,12,6,13937.38338,282.98
873,14,7,24950.27149,282.98
874,15,7,13968.08542,282.98
875,13,6,23999.91231,282.98
876,11,6,13872.77747,282.709
877,12,6,13937.74476,282.438
878,13,6,13992.76561,282.167
879,11,6,14053.80771,281.896
880,12,6,14117.75029,281.625
881,13,6,14136.44681,281.625
882,14,7,14117.22072,281.625
883,11,6,22183.65631,281.625
884,12,6,14153.59949,281.625
885,15,7,30293.78771,281.625
886,13,6,14173.24836,281.354
887,11,6,14233.13765,281.354
888,12,6,14300.95035,280.812
889,13,6,14361.7145,280.541
890,11,6,15204.31696,280.27
891,14,7,24114.07248,280.27
892,12,6,14468.20156,280.27
893,13,6,14420.32471,280.27
894,15,7,19773.83902,280.27
895,11,6,14428.70403,280.27
896,14,7,14448.24827,280.27
897,12,6,14484.18553,280.27
898,13,6,14500.16065,280.27
899,15,7,14415.97921,280.27
900,14,7,14468.7261,280.27
901,11,6,75396.55764,280.27
902,12,6,64817.69713,280.27
903,15,7,50158.90953,280.27
904,13,6,50300.56152,280.27
905,11,6,82599.66401,280.27
906,12,6,70746.38932,280.27
907,13,6,62893.64763,280.27
908,11,6,66574.10219,280.27
909,14,7,73946.20139,280.27
910,12,6,76296.3235,280.27
911,15,7,63043.30536,280.27
912,14,7,73137.52318,280.27
913,15,7,41935.5828,280.27
914,13,6,49916.05037,280.27
915,11,6,65088.09724,280.27
916,12,6,81567.73827,280.27
917,13,6,14473.13721,280.5042
918,11,6,14546.43019,280.5042
919,12,6,14606.81796,280.9725
920,13,6,14652.77443,281.2067
921,11,6,14713.60615,281.2067
922,12,6,23847.91721,281.4408
923,13,6,14714.19236,281.4408
924,14,7,23099.24164,281.4408
925,15,7,14732.21485,281.4408
926,11,6,14740.48899,281.4408
927,12,6,14782.56547,281.675
928,13,6,14842.16462,281.675
929,11,6,14894.55246,282.1433
930,12,6,14959.34885,282.3775
931,13,6,15056.59042,282.6117
932,11,6,15043.82923,282.6117
934,15,7,24029.38591,282.6117
933,14,7,20935.43915,282.6117
935,12,6,15018.51381,282.6117
936,13,6,15025.8143,282.6117
937,14,7,15024.44395,282.6117
938,11,6,15076.81888,282.6117
939,12,6,15756.84898,282.6117
940,13,6,15072.75999,282.6117
941,11,6,15132.21593,283.08
942,12,6,15194.25277,283.08
943,13,6,15252.11012,283.5483
944,11,6,24339.09924,283.7825
945,12,6,26236.38314,283.7825
946,13,6,15337.51014,283.7825
947,11,6,15321.51507,283.7825
948,12,6,15352.61845,283.7825
949,15,7,15317.86037,283.7825
950,13,6,15372.76681,284.0167
951,11,6,15439.08245,284.2508
952,12,6,15492.8598,284.485
953,13,6,15566.59616,284.7192
954,11,6,15614.5509,284.9533
955,12,6,15639.38371,284.9533
956,13,6,15623.00062,284.9533
957,11,6,27264.11591,284.9533
958,14,7,26030.8222,284.9533
959,15,7,15612.83043,284.9533
960,12,6,15619.48831,284.9533
961,14,7,15645.7757,284.9533
962,13,6,15676.62242,285.1875
963,11,6,15735.49243,285.4217
964,12,6,15794.84474,285.6558
965,13,6,15854.63791,285.6558
966,11,6,15914.36207,285.89
967,12,6,26718.5865,286.1242
968,13,6,15976.99693,286.1242
969,11,6,27031.62572,286.1242
970,12,6,15917.00246,286.1242
971,15,7,15948.32139,286.1242
972,13,6,15974.37624,286.3583
973,11,6,16041.31679,286.3583
974,12,6,16093.79976,286.8267
975,13,6,16168.10597,287.0608
976,11,6,16214.0769,287.0608
977,12,6,16259.78834,287.295
978,13,6,16275.38536,287.295
979,14,7,21921.47792,287.295
980,11,6,16329.21948,287.295
981,12,6,23886.81917,287.295
982,13,6,16320.14066,287.295
983,15,7,16345.02317,287.295
984,11,6,16300.13081,287.295
985,14,7,16232.99153,287.295
986,12,6,16289.41298,287.5292
987,13,6,16333.33334,287.7633
988,11,6,16393.14737,287.9975
989,12,6,16455.68506,288.2317
990,13,6,16517.56332,288.4658
991,11,6,16537.10941,288.4658
992,12,6,16520.65691,288.4658
993,13,6,25134.27785,288.4658
994,11,6,25035.16683,288.4658
995,15,7,16548.75703,288.4658
996,12,6,16572.57411,288.4658
997,13,6,16635.3047,288.9342
998,11,6,16695.21229,289.1683
999,12,6,16754.18005,289.4025
